{"stat.useItem.minecraft.quartz_block":1,"stat.leaveGame":6,"stat.useItem.minecraft.bookshelf":17,"stat.craftItem.minecraft.iron_axe":2,"stat.drop.minecraft.shield":2,"stat.mineBlock.minecraft.sandstone":59,"stat.mineBlock.minecraft.stained_glass":6,"stat.useItem.minecraft.mutton":1,"stat.useItem.minecraft.planks":132,"stat.craftItem.minecraft.shield":2,"stat.mineBlock.minecraft.web":3,"stat.pickup.minecraft.glowstone_dust":1,"stat.pickup.minecraft.porkchop":4,"stat.useItem.minecraft.water_bucket":40,"stat.pickup.minecraft.rotten_flesh":86,"stat.pickup.minecraft.sand":51,"stat.entityKilledBy.Spider":2,"stat.craftItem.minecraft.stone_axe":3,"stat.killEntity.Enderman":1,"stat.craftItem.minecraft.stone_sword":3,"stat.pickup.dynamictrees.spruceseed":3,"stat.craftItem.minecraft.iron_shovel":1,"stat.pickup.minecraft.brown_mushroom":14,"stat.mineBlock.minecraft.sand":51,"stat.killEntity.familiarfauna.snail":1,"stat.killEntity.Witch":5,"stat.craftItem.minecraft.wooden_hoe":1,"stat.drop.cyberware.brain_upgrades":1,"stat.useItem.minecraft.iron_pickaxe":746,"stat.pickup.minecraft.stained_hardened_clay":23,"stat.craftItem.minecraft.wooden_pickaxe":2,"stat.useItem.minecraft.iron_shovel":237,"stat.pickup.dynamictrees.darkoakseed":8,"stat.craftItem.minecraft.bed":1,"stat.craftItem.minecraft.glass_pane":16,"stat.furnaceInteraction":197,"stat.killEntity.ZombieVillager":2,"stat.pickup.cyberware.hand_upgrades":1,"stat.pickup.minecraft.beef":8,"stat.pickup.minecraft.furnace":8,"stat.drop.minecraft.stained_hardened_clay":3,"stat.mineBlock.minecraft.stained_hardened_clay":58,"stat.pickup.biomesoplenty.flower_0":12,"stat.drop.minecraft.stone_pressure_plate":1,"stat.pickup.minecraft.skull":2,"stat.drop.cyberware.katana":1,"stat.pickup.mca.rose_gold_ore":8,"stat.useItem.minecraft.wheat_seeds":1,"stat.pickup.cyberware.trenchcoat":3,"stat.killEntity.Husk":4,"stat.pickup.dynamictrees.oakseed":7,"stat.useItem.minecraft.dye":220,"stat.craftItem.minecraft.dark_oak_boat":1,"stat.deaths":15,"stat.playOneMinute":277198,"stat.mineBlock.minecraft.stone_pressure_plate":2,"stat.pickup.cgm.shell":96,"stat.craftItem.minecraft.iron_pickaxe":3,"stat.mineBlock.minecraft.tallgrass":193,"stat.chestOpened":181,"stat.useItem.minecraft.stone":3,"stat.pickup.minecraft.arrow":67,"stat.craftItem.minecraft.coal":6,"stat.drop.minecraft.iron_pickaxe":2,"stat.craftItem.minecraft.iron_hoe":1,"stat.craftItem.minecraft.iron_nugget":90,"stat.fallOneCm":128801,"stat.pickup.minecraft.carrot":106,"stat.crouchOneCm":25486,"stat.mineBlock.minecraft.chest":1,"stat.craftItem.minecraft.iron_ingot":131,"stat.craftItem.minecraft.chest":4,"stat.useItem.minecraft.iron_hoe":37,"stat.pickup.cgm.assault_rifle":1,"stat.craftingTableInteraction":79,"stat.mineBlock.minecraft.log2":12,"stat.useItem.minecraft.furnace":6,"stat.craftItem.minecraft.wooden_sword":1,"stat.pickup.rewired.necrolimb":35,"stat.mineBlock.biomesoplenty.plant_0":130,"stat.pickup.minecraft.dye":62,"stat.pickup.minecraft.planks":13,"stat.pickup.minecraft.wheat_seeds":147,"stat.mineBlock.biomesoplenty.gem_ore":4,"stat.mineBlock.minecraft.gravel":11,"stat.useItem.minecraft.stone_pickaxe":81,"stat.mineBlock.minecraft.glass":2,"stat.useItem.minecraft.stone_sword":27,"stat.craftItem.minecraft.iron_leggings":3,"stat.useItem.biomesoplenty.berries":10,"stat.mineBlock.minecraft.dirt":224,"stat.pickup.minecraft.poisonous_potato":2,"stat.useItem.minecraft.torch":49,"stat.useItem.minecraft.bread":10,"stat.pickup.minecraft.brewing_stand":2,"stat.drop.minecraft.rotten_flesh":12,"stat.pickup.minecraft.crafting_table":10,"stat.useItem.minecraft.cobblestone":72,"stat.craftItem.minecraft.crafting_table":4,"stat.mineBlock.minecraft.double_plant":3,"stat.useItem.dynamictrees.oakseed":1,"stat.killEntity.cyberskeleton":22,"stat.pickup.minecraft.log":30,"stat.pickup.minecraft.iron_pickaxe":1,"stat.craftItem.minecraft.stone_button":3,"stat.craftItem.minecraft.gold_ingot":21,"stat.pickup.minecraft.beetroot":9,"stat.craftItem.minecraft.bucket":1,"stat.craftItem.minecraft.planks":368,"stat.useItem.minecraft.iron_sword":51,"stat.itemEnchanted":13,"stat.pickup.minecraft.diamond_helmet":1,"stat.pickup.biomesoplenty.berries":10,"stat.drop.biomesoplenty.flower_0":1,"stat.useItem.minecraft.stonebrick":13,"stat.pickup.minecraft.book":96,"stat.pickup.minecraft.red_flower":1,"stat.sneakTime":9347,"stat.pickup.minecraft.wool":6,"stat.mineBlock.minecraft.cobblestone_wall":4,"stat.useItem.minecraft.baked_potato":46,"stat.useItem.minecraft.wooden_axe":10,"stat.useItem.minecraft.beetroot":3,"stat.craftItem.minecraft.enchanting_table":1,"stat.pickup.dynamictrees.acaciaseed":11,"stat.pickup.minecraft.bone":64,"stat.pickup.minecraft.stone_pressure_plate":3,"stat.useItem.minecraft.iron_axe":80,"stat.mineBlock.minecraft.cobblestone":16,"stat.pickup.minecraft.flint":4,"stat.mineBlock.minecraft.yellow_flower":1,"stat.pickup.cyberware.katana":5,"stat.mineBlock.minecraft.brown_mushroom":7,"stat.mineBlock.minecraft.acacia_fence":1,"stat.mineBlock.minecraft.concrete":3,"stat.craftItem.minecraft.wool":3,"stat.craftItem.minecraft.diamond_helmet":1,"stat.mineBlock.minecraft.stained_glass_pane":13,"stat.swimOneCm":123936,"stat.useItem.minecraft.concrete_powder":3,"stat.climbOneCm":20515,"stat.entityKilledBy.cyberzombie":1,"stat.useItem.minecraft.dirt":127,"stat.useItem.minecraft.stone_slab2":74,"stat.pickup.minecraft.bow":4,"stat.pickup.cyberware.foot_upgrades":1,"stat.craftItem.minecraft.furnace":5,"stat.pickup.minecraft.enchanting_table":3,"stat.craftItem.minecraft.iron_boots":3,"stat.pickup.minecraft.anvil":1,"stat.craftItem.minecraft.stone_pickaxe":3,"stat.craftItem.minecraft.cooked_beef":8,"stat.mineBlock.minecraft.obsidian":1,"stat.pickup.cyberware.cybereye_upgrades":4,"stat.pickup.minecraft.cobblestone":368,"stat.mineBlock.biomesoplenty.double_plant":2,"stat.craftItem.minecraft.bow":1,"stat.flyOneCm":998844,"stat.pickup.minecraft.sandstone":26,"stat.craftItem.familiarfauna.venison_cooked":4,"stat.drop.minecraft.wheat_seeds":3,"stat.useItem.minecraft.cooked_beef":8,"stat.pickup.minecraft.cactus":2,"stat.pickup.cyberware.leg_upgrades":2,"stat.pickup.minecraft.redstone":49,"stat.mineBlock.minecraft.iron_ore":135,"stat.timeSinceDeath":110640,"stat.pickup.minecraft.mutton":8,"stat.killEntity.Bat":1,"stat.useItem.minecraft.potato":166,"stat.pickup.cgm.basic_ammo":288,"stat.pickup.cyberware.brain_upgrades":4,"stat.pickup.minecraft.stonebrick":22,"stat.mineBlock.minecraft.enchanting_table":3,"stat.drop.minecraft.dirt":8,"stat.craftItem.minecraft.concrete_powder":8,"stat.pickup.minecraft.iron_shovel":1,"stat.mineBlock.minecraft.coal_ore":166,"stat.pickup.minecraft.shield":1,"stat.killEntity.Creeper":9,"stat.talkedToVillager":17,"stat.mineBlock.minecraft.red_mushroom_block":2,"stat.pickup.minecraft.string":52,"stat.mineBlock.minecraft.ladder":1,"stat.entityKilledBy.Skeleton":2,"stat.craftItem.minecraft.stone_slab2":0,"stat.killEntity.Squid":4,"stat.sprintOneCm":599529,"stat.mineBlock.biomesoplenty.flower_0":8,"stat.useItem.familiarfauna.venison_cooked":4,"stat.craftItem.minecraft.stick":28,"stat.craftItem.minecraft.wooden_axe":1,"stat.craftItem.minecraft.stone":11,"stat.craftItem.minecraft.gold_nugget":27,"stat.mineBlock.minecraft.diamond_ore":44,"stat.mineBlock.minecraft.crafting_table":10,"stat.mineBlock.minecraft.quartz_block":21,"stat.useItem.minecraft.diamond_pickaxe":233,"stat.killEntity.familiarfauna.deer":2,"stat.useItem.minecraft.carrot":84,"stat.pickup.cyberware.lower_organs_upgrades":2,"stat.mineBlock.minecraft.planks":13,"stat.drop":21,"stat.useItem.minecraft.wooden_sword":6,"stat.killEntity.Sheep":6,"stat.craftItem.minecraft.diamond_pickaxe":2,"stat.killEntity.Zombie":81,"stat.craftItem.minecraft.dye":233,"stat.pickup.cyberware.shades2":1,"stat.mineBlock.minecraft.gold_ore":21,"stat.diveOneCm":151471,"stat.pickup.minecraft.wheat":27,"stat.pickup.cgm.scope":2,"stat.pickup.minecraft.gravel":8,"stat.mineBlock.minecraft.anvil":1,"stat.pickup.minecraft.obsidian":2,"stat.useItem.minecraft.rotten_flesh":7,"stat.drop.minecraft.sandstone":6,"stat.jump":5607,"stat.useItem.minecraft.sand":9,"stat.useItem.minecraft.wooden_hoe":59,"stat.pickup.minecraft.coal":292,"stat.pickup.minecraft.iron_ingot":2,"stat.useItem.minecraft.dark_oak_boat":1,"stat.useItem.minecraft.stone_axe":11,"stat.pickup.minecraft.gunpowder":13,"stat.craftItem.minecraft.bread":16,"stat.pickup.minecraft.spider_eye":17,"stat.craftItem.minecraft.torch":52,"stat.pickup.minecraft.dirt":213,"stat.craftItem.minecraft.iron_helmet":2,"stat.drop.minecraft.iron_shovel":1,"stat.pickup.minecraft.iron_ore":133,"stat.mineBlock.mca.rose_gold_ore":8,"stat.boatOneCm":80542,"stat.pickup.minecraft.gold_ore":21,"stat.craftItem.minecraft.flint_and_steel":2,"stat.mineBlock.minecraft.lapis_ore":9,"stat.pickup.minecraft.iron_axe":3,"stat.mineBlock.minecraft.glass_pane":6,"stat.brewingstandInteraction":1,"stat.damageTaken":8630,"stat.pickup.minecraft.leather":2,"stat.mineBlock.minecraft.furnace":8,"stat.mineBlock.minecraft.torch":1,"stat.mineBlock.minecraft.red_flower":1,"stat.useItem.minecraft.wooden_pickaxe":11,"stat.tradedWithVillager":4,"stat.pickup.minecraft.log2":79,"stat.pickup.minecraft.reeds":15,"stat.craftItem.cgm.workbench":1,"stat.pickup.minecraft.concrete":3,"stat.pickup.minecraft.quartz_block":13,"stat.pickup.minecraft.acacia_fence":1,"stat.pickup.minecraft.potato":339,"stat.entityKilledBy.Zombie":4,"stat.damageDealt":29805,"stat.craftItem.biomesoplenty.white_dye":4,"stat.craftItem.minecraft.glass":6,"stat.pickup.biomesoplenty.white_dye":2,"stat.sleepInBed":1,"stat.craftItem.minecraft.baked_potato":140,"stat.killEntity.Cow":4,"stat.killEntity.Pig":1,"stat.craftItem.minecraft.iron_sword":1,"stat.killEntity.cyberzombie":8,"stat.walkOneCm":469239,"stat.useItem.minecraft.chest":2,"stat.pickup.minecraft.stick":35,"stat.useItem.cyberware.katana":486,"stat.pickup.cgm.handgun":1,"stat.useItem.minecraft.lava_bucket":1,"stat.pickup.minecraft.stone":47,"stat.craftItem.minecraft.iron_chestplate":3,"stat.pickup.minecraft.baked_potato":10,"stat.useItem.minecraft.stained_hardened_clay":8,"stat.pickup.minecraft.ender_pearl":1,"stat.pickup.minecraft.ladder":1,"stat.killEntity.Skeleton":43,"stat.pickup.dynamictrees.cactusseed":1,"stat.pickup.biomesoplenty.gem":4,"stat.craftItem.minecraft.bookshelf":18,"stat.pickup.cgm.shotgun":1,"stat.mineBlock.minecraft.stonebrick":22,"stat.killEntity.Spider":48,"stat.mobKills":250,"stat.mineBlock.minecraft.bookshelf":32,"stat.pickup.familiarfauna.venison_raw":4,"stat.useItem.minecraft.golden_apple":2,"stat.pickup.minecraft.diamond":44,"stat.pickup.minecraft.beetroot_seeds":38,"stat.pickup.minecraft.torch":1,"stat.mineBlock.minecraft.redstone_ore":11,"stat.drop.minecraft.arrow":2,"stat.mineBlock.minecraft.stone":446,"stat.entityKilledBy.cyberskeleton":3,"stat.useItem.minecraft.sandstone":1}