{"stat.useItem.sevendaystomine.toilet":13,"stat.walkOneCm":35197,"stat.drop.srparasites.lurecomponent5":1,"stat.killEntity.plagued_nurse":1,"stat.pickup.minecraft.diamond_pickaxe":1,"stat.leaveGame":1,"stat.useItem.srparasites.itemmobspawner_elvia":5,"stat.useItem.srparasites.itemmobspawner_fersheep":1,"stat.killEntity.bloated_zombie":2,"stat.drop.minecraft.wool":1,"stat.useItem.srparasites.itemmobspawner_ferhuman":9,"stat.pickup.sevendaystomine.toilet":64,"stat.pickup.srparasites.lurecomponent5":1,"stat.useItem.securitycraft.mine":35,"stat.pickup.sevendaystomine.plantfiber":8,"stat.jump":149,"stat.swimOneCm":9711,"stat.fallOneCm":2914,"stat.useItem.srparasites.itemmobspawner_ferenderman":15,"stat.useItem.srparasites.itemmobspawner_ferpig":1,"stat.useItem.srparasites.itemmobspawner_fercow":2,"stat.crouchOneCm":194,"stat.pickup.minecraft.dirt":1,"stat.sprintOneCm":28939,"stat.killEntity.spider_zombie":1,"stat.drop.minecraft.leather":2,"stat.useItem.srparasites.itemmobspawner_ferbear":2,"stat.useItem.srparasites.itemmobspawner_ferwolf":1,"stat.pickup.sevendaystomine.cent":1,"stat.killEntity.Donkey":1,"stat.damageTaken":1266,"stat.pickup.minecraft.leather":2,"stat.mobKills":17,"stat.pickup.minecraft.cobblestone":5,"stat.pickup.srparasites.itemmobspawner_ferenderman":64,"stat.flyOneCm":75263,"stat.deaths":5,"stat.pickup.minecraft.wheat_seeds":4,"stat.drop":6,"stat.playOneMinute":21902,"stat.drop.minecraft.wheat_seeds":2,"stat.sneakTime":210,"stat.useItem.srparasites.itemmobspawner_ferhorse":1,"stat.pickup.minecraft.wool":1,"stat.useItem.srparasites.itemmobspawner_pod":2,"stat.killEntity.reanimated_corpse":1,"stat.useItem.sevendaystomine.forge":1,"stat.damageDealt":141,"stat.drop.sevendaystomine.cent":1,"stat.useItem.srparasites.itemmobspawner_terla":11,"stat.timeSinceDeath":8313,"stat.useItem.srparasites.itemmobspawner_fervillager":1,"stat.mineBlock.minecraft.dirt":2,"stat.useItem.minecraft.spawn_egg":21,"stat.mineBlock.minecraft.tallgrass":18,"stat.diveOneCm":537}