{"stat.flyOneCm":31934,"stat.pickup.sevendaystomine.plantfiber":5,"stat.deaths":4,"stat.walkOneCm":14210,"stat.pickup.minecraft.wheat_seeds":2,"stat.drop":3,"stat.jump":120,"stat.swimOneCm":9711,"stat.playOneMinute":6041,"stat.fallOneCm":2647,"stat.drop.minecraft.wheat_seeds":2,"stat.sneakTime":6,"stat.damageTaken":1066,"stat.pickup.minecraft.leather":2,"stat.damageDealt":114,"stat.timeSinceDeath":542,"stat.pickup.minecraft.dirt":1,"stat.sprintOneCm":24951,"stat.mineBlock.minecraft.dirt":1,"stat.mobKills":1,"stat.drop.minecraft.leather":2,"stat.mineBlock.minecraft.tallgrass":18,"stat.diveOneCm":537}