{"stat.pickup.minecraft.bone":13,"stat.useItem.minecraft.stone":51,"stat.useItem.minecraft.iron_axe":78,"stat.leaveGame":2,"stat.pickup.minecraft.arrow":13,"stat.mineBlock.minecraft.cobblestone":3,"stat.craftItem.minecraft.iron_axe":1,"stat.pickup.cyberware.bone_upgrades":1,"stat.pickup.minecraft.obsidian":16,"stat.pickup.cyberware.katana":1,"stat.craftItem.minecraft.diamond_helmet":1,"stat.jump":1414,"stat.swimOneCm":26094,"stat.pickup.minecraft.coal":74,"stat.fallOneCm":32456,"stat.pickup.minecraft.iron_ingot":24,"stat.craftItem.minecraft.shield":1,"stat.entityKilledBy.cyberzombie":1,"stat.pickup.minecraft.cooked_porkchop":30,"stat.useItem.minecraft.stone_axe":11,"stat.pickup.minecraft.porkchop":2,"stat.pickup.minecraft.gunpowder":2,"stat.crouchOneCm":5717,"stat.pickup.minecraft.spider_eye":1,"stat.craftItem.minecraft.torch":84,"stat.craftItem.minecraft.iron_ingot":77,"stat.pickup.minecraft.dirt":16,"stat.craftItem.minecraft.iron_helmet":1,"stat.useItem.minecraft.stone_slab2":14,"stat.craftingTableInteraction":33,"stat.pickup.minecraft.iron_ore":87,"stat.pickup.minecraft.rotten_flesh":8,"stat.craftItem.minecraft.furnace":6,"stat.mineBlock.mca.rose_gold_ore":19,"stat.pickup.minecraft.gold_ore":17,"stat.mineBlock.minecraft.lapis_ore":8,"stat.pickup.minecraft.iron_axe":1,"stat.pickup.cyberware.lungs_upgrades":2,"stat.craftItem.minecraft.stone_axe":1,"stat.craftItem.minecraft.iron_boots":1,"stat.mineBlock.minecraft.log2":6,"stat.damageTaken":4075,"stat.craftItem.minecraft.stone_pickaxe":2,"stat.mineBlock.minecraft.furnace":4,"stat.useItem.minecraft.wooden_pickaxe":25,"stat.useItem.minecraft.furnace":3,"stat.craftItem.mca.rose_gold_ingot":17,"stat.mineBlock.minecraft.obsidian":26,"stat.pickup.minecraft.cobblestone":262,"stat.mineBlock.biomesoplenty.plant_0":11,"stat.pickup.minecraft.log2":6,"stat.pickup.minecraft.dye":48,"stat.pickup.minecraft.planks":1,"stat.flyOneCm":139122,"stat.pickup.minecraft.brown_mushroom":1,"stat.pickup.minecraft.wheat_seeds":22,"stat.killEntity.Witch":1,"stat.entityKilledBy.Zombie":2,"stat.mineBlock.biomesoplenty.gem_ore":1,"stat.useItem.minecraft.stone_pickaxe":260,"stat.pickup.cyberware.leg_upgrades":2,"stat.craftItem.minecraft.iron_leggings":1,"stat.damageDealt":5537,"stat.pickup.minecraft.redstone":22,"stat.mineBlock.minecraft.iron_ore":90,"stat.timeSinceDeath":0,"stat.useItem.minecraft.crafting_table":3,"stat.mineBlock.minecraft.dirt":15,"stat.useItem.minecraft.iron_pickaxe":26,"stat.craftItem.minecraft.wooden_pickaxe":1,"stat.killEntity.Pig":1,"stat.pickup.minecraft.mutton":2,"stat.killEntity.cyberzombie":3,"stat.walkOneCm":240223,"stat.craftItem.minecraft.bed":1,"stat.useItem.minecraft.torch":26,"stat.pickup.dynamictrees.birchseed":4,"stat.pickup.minecraft.stick":12,"stat.pickup.minecraft.diamond_pickaxe":2,"stat.pickup.rewired.shield.polymer":1,"stat.pickup.minecraft.crafting_table":6,"stat.useItem.minecraft.cobblestone":17,"stat.craftItem.minecraft.crafting_table":4,"stat.furnaceInteraction":49,"stat.useItem.minecraft.cooked_porkchop":12,"stat.pickup.cgm.handgun":2,"stat.mineBlock.minecraft.coal_ore":60,"stat.pickup.cyberware.hand_upgrades":2,"stat.killEntity.Creeper":1,"stat.pickup.minecraft.shield":1,"stat.mineBlock.minecraft.emerald_ore":4,"stat.killEntity.cyberskeleton":6,"stat.pickup.minecraft.string":13,"stat.pickup.minecraft.log":15,"stat.pickup.minecraft.furnace":4,"stat.entityKilledBy.Skeleton":6,"stat.craftItem.minecraft.gold_ingot":11,"stat.pickup.minecraft.stone":86,"stat.craftItem.minecraft.iron_chestplate":1,"stat.sprintOneCm":92368,"stat.craftItem.minecraft.stick":36,"stat.craftItem.minecraft.wooden_axe":1,"stat.pickup.mca.rose_gold_ore":17,"stat.killEntity.Skeleton":6,"stat.pickup.minecraft.beetroot":1,"stat.pickup.biomesoplenty.gem":1,"stat.craftItem.minecraft.planks":60,"stat.mineBlock.minecraft.diamond_ore":4,"stat.mineBlock.biomesoplenty.mushroom":1,"stat.killEntity.Spider":6,"stat.mineBlock.minecraft.crafting_table":7,"stat.useItem.minecraft.diamond_pickaxe":434,"stat.killEntity.familiarfauna.deer":2,"stat.mobKills":33,"stat.pickup.minecraft.diamond_chestplate":2,"stat.pickup.minecraft.emerald":4,"stat.pickup.dynamictrees.oakseed":6,"stat.pickup.minecraft.diamond_boots":1,"stat.mineBlock.minecraft.log":1,"stat.entityKilledBy.Creeper":1,"stat.pickup.familiarfauna.venison_raw":4,"stat.deaths":11,"stat.drop":8,"stat.pickup.minecraft.diamond":12,"stat.pickup.minecraft.beetroot_seeds":1,"stat.playOneMinute":94634,"stat.pickup.cyberware.heart_upgrades":1,"stat.pickup.minecraft.torch":2,"stat.killEntity.Sheep":1,"stat.mineBlock.minecraft.redstone_ore":5,"stat.sneakTime":7001,"stat.craftItem.minecraft.iron_pickaxe":1,"stat.pickup.minecraft.wool":3,"stat.killEntity.Zombie":5,"stat.useItem.minecraft.wooden_axe":2,"stat.drop.minecraft.iron_ingot":8,"stat.mineBlock.minecraft.stone":487,"stat.mineBlock.minecraft.gold_ore":19,"stat.mineBlock.minecraft.tallgrass":12,"stat.diveOneCm":2060,"stat.useItem.minecraft.beetroot":1,"stat.entityKilledBy.cyberskeleton":1,"stat.pickup.minecraft.wheat":13}