{"stat.useItem.minecraft.iron_axe":1,"stat.leaveGame":13,"stat.pickup.minecraft.stone_pickaxe":1,"stat.pickup.minecraft.flint":1,"stat.craftItem.minecraft.iron_axe":1,"stat.mineBlock.minecraft.stained_glass_pane":7,"stat.swimOneCm":10304,"stat.useItem.minecraft.planks":40,"stat.craftItem.minecraft.shield":1,"stat.climbOneCm":1030,"stat.pickup.minecraft.porkchop":4,"stat.entityKilledBy.mutantbeasts.mutant_zombie":1,"stat.useItem.minecraft.dirt":1,"stat.useItem.minecraft.stone_slab2":8,"stat.pickup.minecraft.rotten_flesh":2,"stat.craftItem.minecraft.furnace":2,"stat.craftItem.minecraft.iron_boots":1,"stat.pickup.minecraft.cobblestone":22,"stat.flyOneCm":71694,"stat.pickup.dynamictrees.spruceseed":1,"stat.craftItem.familiarfauna.venison_cooked":1,"stat.drop.minecraft.wheat_seeds":2,"stat.mineBlock.minecraft.iron_ore":34,"stat.timeSinceDeath":0,"stat.useItem.minecraft.iron_pickaxe":2,"stat.pickup.minecraft.mutton":2,"stat.pickup.minecraft.double_plant":1,"stat.pickup.dynamictrees.darkoakseed":3,"stat.pickup.minecraft.stonebrick":4,"stat.furnaceInteraction":14,"stat.mineBlock.minecraft.coal_ore":48,"stat.pickup.minecraft.shield":1,"stat.talkedToVillager":2,"stat.useItem.minecraft.cooked_mutton":1,"stat.pickup.minecraft.furnace":2,"stat.craftItem.minecraft.stone_slab2":0,"stat.sprintOneCm":45530,"stat.craftItem.minecraft.stick":20,"stat.entityKilledBy.mutantbeasts.mutant_skeleton":2,"stat.mineBlock.minecraft.crafting_table":1,"stat.killEntity.familiarfauna.deer":2,"stat.pickup.dynamictrees.oakseed":6,"stat.deaths":5,"stat.drop":3,"stat.playOneMinute":44197,"stat.killEntity.Sheep":1,"stat.craftItem.minecraft.iron_pickaxe":1,"stat.killEntity.Zombie":1,"stat.mineBlock.minecraft.tallgrass":6,"stat.craftItem.minecraft.cooked_mutton":2,"stat.diveOneCm":15140,"stat.pickup.minecraft.wheat":24,"stat.chestOpened":3,"stat.craftItem.minecraft.cooked_porkchop":4,"stat.pickup.minecraft.stone_axe":1,"stat.useItem.minecraft.rotten_flesh":1,"stat.jump":737,"stat.pickup.minecraft.coal":47,"stat.fallOneCm":14280,"stat.useItem.minecraft.stone_axe":10,"stat.craftItem.minecraft.bread":8,"stat.crouchOneCm":12582,"stat.craftItem.minecraft.torch":48,"stat.craftItem.minecraft.iron_ingot":36,"stat.craftItem.minecraft.iron_helmet":1,"stat.pickup.minecraft.dirt":3,"stat.pickup.minecraft.iron_ore":36,"stat.craftingTableInteraction":4,"stat.drop.minecraft.double_plant":1,"stat.mineBlock.minecraft.log2":4,"stat.damageTaken":1656,"stat.mineBlock.minecraft.furnace":2,"stat.pickup.minecraft.log2":13,"stat.mineBlock.biomesoplenty.plant_0":1,"stat.pickup.minecraft.wheat_seeds":51,"stat.pickup.minecraft.potato":29,"stat.entityKilledBy.Zombie":1,"stat.mineBlock.minecraft.gravel":1,"stat.useItem.minecraft.stone_pickaxe":110,"stat.useItem.minecraft.stone_sword":8,"stat.craftItem.minecraft.iron_leggings":1,"stat.damageDealt":720,"stat.mineBlock.minecraft.dirt":4,"stat.killEntity.Pig":2,"stat.craftItem.minecraft.iron_sword":1,"stat.walkOneCm":96431,"stat.useItem.minecraft.torch":35,"stat.pickup.minecraft.crafting_table":1,"stat.useItem.minecraft.cobblestone":3,"stat.craftItem.minecraft.crafting_table":1,"stat.pickup.minecraft.log":8,"stat.pickup.minecraft.stone":1,"stat.craftItem.minecraft.iron_chestplate":1,"stat.mineBlock.minecraft.stonebrick":3,"stat.craftItem.minecraft.planks":80,"stat.useItem.minecraft.iron_sword":12,"stat.pickup.minecraft.stone_sword":1,"stat.mobKills":6,"stat.useItem.minecraft.stonebrick":1,"stat.pickup.familiarfauna.venison_raw":1,"stat.sneakTime":7285,"stat.pickup.minecraft.wool":1,"stat.mineBlock.minecraft.stone":24,"stat.entityKilledBy.cyberskeleton":1}