{"stat.flyOneCm":52631,"stat.pickup.sevendaystomine.plantfiber":12,"stat.deaths":1,"stat.walkOneCm":34268,"stat.pickup.minecraft.wheat_seeds":5,"stat.drop":1,"stat.jump":128,"stat.swimOneCm":1220,"stat.mineBlock.minecraft.leaves":1,"stat.playOneMinute":10464,"stat.fallOneCm":1676,"stat.pickup.minecraft.red_flower":2,"stat.leaveGame":1,"stat.sneakTime":57,"stat.damageTaken":200,"stat.damageDealt":140,"stat.crouchOneCm":7,"stat.mineBlock.minecraft.red_flower":2,"stat.drop.sevendaystomine.plantfiber":1,"stat.timeSinceDeath":1832,"stat.sprintOneCm":24059,"stat.mineBlock.minecraft.log":1,"stat.mineBlock.minecraft.tallgrass":38}