{"stat.pickup.srparasites.itemmobspawner_ferhorse":64,"stat.drop.techguns.itemshared":1,"stat.pickup.srparasites.itemmobspawner_buthol":1,"stat.pickup.techguns.itemshared":1,"stat.walkOneCm":52923,"stat.pickup.sevendaystomine.turret_advanced":1,"stat.drop.sevendaystomine.turret_advanced":1,"stat.pickup.techguns.laserpistol":1,"stat.leaveGame":2,"stat.damageTaken":200,"stat.killEntity.Spider":1,"stat.useItem.srparasites.itemmobspawner_buthol":10,"stat.mineBlock.minecraft.red_flower":2,"stat.drop.sevendaystomine.plantfiber":1,"stat.mobKills":10,"stat.pickup.minecraft.cobblestone":9,"stat.mineBlock.minecraft.log":1,"stat.flyOneCm":199109,"stat.pickup.sevendaystomine.plantfiber":20,"stat.deaths":2,"stat.pickup.srparasites.parasitestain":64,"stat.pickup.minecraft.wheat_seeds":9,"stat.drop":3,"stat.jump":166,"stat.swimOneCm":1220,"stat.mineBlock.minecraft.leaves":1,"stat.playOneMinute":27548,"stat.fallOneCm":1676,"stat.pickup.minecraft.red_flower":2,"stat.sneakTime":351,"stat.useItem.srparasites.itemmobspawner_ferhorse":4,"stat.damageDealt":195,"stat.pickup.minecraft.stone":1,"stat.crouchOneCm":378,"stat.useItem.srparasites.itemmobspawner_terla":1,"stat.timeSinceDeath":10384,"stat.pickup.minecraft.dirt":10,"stat.sprintOneCm":25517,"stat.useItem.minecraft.stone_slab2":26,"stat.pickup.srparasites.itemmobspawner_ferpig":64,"stat.mineBlock.minecraft.tallgrass":38}