{"stat.pickup.dynamictrees.acaciaseed":7,"stat.chestOpened":2,"stat.pickup.dynamictrees.darkoakseed":1,"stat.walkOneCm":26875,"stat.pickup.minecraft.brewing_stand":1,"stat.pickup.minecraft.stick":20,"stat.leaveGame":1,"stat.pickup.minecraft.crafting_table":1,"stat.useItem.minecraft.log2":3,"stat.pickup.minecraft.stonebrick":1,"stat.craftItem.minecraft.crafting_table":1,"stat.useItem.minecraft.rotten_flesh":1,"stat.pickup.minecraft.log":10,"stat.mineBlock.minecraft.stained_glass_pane":2,"stat.useItem.minecraft.mutton":1,"stat.swimOneCm":2142,"stat.jump":257,"stat.fallOneCm":6238,"stat.climbOneCm":1266,"stat.pickup.minecraft.beef":2,"stat.pickup.minecraft.furnace":2,"stat.useItem.minecraft.stone_axe":37,"stat.pickup.minecraft.hay_block":1,"stat.mineBlock.minecraft.stained_hardened_clay":1,"stat.sprintOneCm":26066,"stat.useItem.minecraft.stone_slab2":3,"stat.craftingTableInteraction":4,"stat.pickup.minecraft.rotten_flesh":1,"stat.pickup.minecraft.sand":2,"stat.mineBlock.minecraft.stonebrick":1,"stat.craftItem.minecraft.planks":16,"stat.craftItem.minecraft.stone_axe":1,"stat.mineBlock.minecraft.log2":3,"stat.damageTaken":200,"stat.mineBlock.minecraft.crafting_table":1,"stat.pickup.minecraft.leather":1,"stat.pickup.minecraft.cobblestone_wall":1,"stat.craftItem.minecraft.stone_pickaxe":1,"stat.mineBlock.minecraft.furnace":2,"stat.useItem.minecraft.wooden_pickaxe":4,"stat.pickup.minecraft.cobblestone":14,"stat.mobKills":9,"stat.pickup.minecraft.log2":63,"stat.mineBlock.biomesoplenty.plant_0":3,"stat.mineBlock.minecraft.log":8,"stat.pickup.biomesoplenty.plant_1":5,"stat.flyOneCm":53587,"stat.mineBlock.minecraft.sand":2,"stat.mineBlock.minecraft.leaves":2,"stat.playOneMinute":11720,"stat.useItem.minecraft.stone_pickaxe":19,"stat.killEntity.Sheep":7,"stat.sneakTime":31,"stat.pickup.minecraft.wool":7,"stat.mineBlock.minecraft.cobblestone_wall":1,"stat.damageDealt":833,"stat.killEntity.Zombie":1,"stat.timeSinceDeath":11720,"stat.mineBlock.minecraft.hay_block":1,"stat.killEntity.Cow":1,"stat.pickup.minecraft.stained_hardened_clay":1,"stat.craftItem.minecraft.wooden_pickaxe":1,"stat.mineBlock.minecraft.stone":14,"stat.mineBlock.minecraft.tallgrass":5,"stat.pickup.minecraft.mutton":11}